0,Name,Surname,Initials,Age,DateOfBirth
1,Ryan,Ndlovu,R,32,30/11/1990
2,Ryan,Jantjies,R,11,15/10/2011
3,"Sizwe Isaac",Smith,SI,15,08/10/2007
4,James,Mokwena,J,13,06/12/2009
5,Ryan,Davis,R,16,25/07/2006
6,Mary,Dlamini,M,12,25/09/2010
7,John,Govender,J,10,30/07/2012
8," Purity Chloë",Govender," PC",38,03/08/1984
9,Kimberly,Williams,K,23,21/01/1999
10,"Sizwe Isaac",Mokwena,SI,22,01/01/2000
11,Bianca,Scott,B,16,23/10/2006
12,"Mduduzi Welcome",Smith,MW,38,27/06/1984
13,Mxolisi,Williams,M,31,13/06/1991
14,Mary,Ndlovu,M,19,28/01/2003
15,Patricia,Mbatha,P,12,25/02/2010
16,"Lisa Gabriella",Scott,LG,26,02/03/1996
17,Tim,Lewis,T,51,07/01/1971
18,Angelica,Johnson,A,52,02/05/1970
19,"Mduduzi Welcome",Williams,MW,5,16/11/2017
20," Purity Chloë",Bester," PC",52,04/12/1970
21,"Sizwe Isaac",Lewis,SI,41,22/12/1981
22,Jess,Lewis,J,25,03/12/1997
23,"Lisa Gabriella",Govender,LG,51,08/12/1971
24,"Mduduzi Welcome",Davis,MW,21,13/01/2001
25,Angelica,Davis,A,28,02/06/1994
26,Angelica,Bester,A,10,31/12/2012
27,Jess,Johnson,J,4,03/04/2018
28,Patricia,Mazibuko,P,47,19/06/1975
29," Khaya Calvin",Dlamini," KC",22,30/01/2000
30,Angelica,Jacobs,A,14,08/10/2008
31,"Mduduzi Welcome",Brown,MW,16,30/09/2006
32,Ryan,Venter,R,48,16/09/1974
33,"Sizwe Isaac",Venter,SI,18,15/11/2004
34,Esther,Zulu,E,15,10/09/2007
35,Andre,Ndlovu,A,51,08/02/1971
36,Angelica,Mbatha,A,47,03/08/1975
37,Mary,Venter,M,3,07/03/2019
38,"Lisa Gabriella",Mazibuko,LG,29,10/07/1993
39,"Lisa Gabriella",Davis,LG,38,30/06/1984
40,John,Mokwena,J,39,13/04/1983
41,Andre,Venter,A,43,05/12/1979
42,"Mduduzi Welcome",Johnson,MW,35,25/02/1987
43,"Lisa Gabriella",Williams,LG,50,18/06/1972
44,Patricia,Jantjies,P,38,11/10/1984
45,Bianca,Jacobs,B,20,23/05/2002
46,Tim,Smith,T,11,18/09/2011
47,Esther,Zulu,E,49,26/06/1973
48,Andre,Mazibuko,A,27,11/03/1995
49,Patricia,Bester,P,51,05/07/1971
50,Patricia,Coetzee,P,17,15/05/2005
51," Khaya Calvin",Coetzee," KC",44,17/01/1978
52,Tim,Jantjies,T,9,07/04/2013
53,Mxolisi,Brown,M,23,17/05/1999
54,James,Coetzee,J,25,03/09/1997
55,Andre,Mazibuko,A,15,23/08/2007
56,Mxolisi,Bester,M,16,24/11/2006
57,Patricia,Mazibuko,P,20,26/04/2002
58,Jess,Mazibuko,J,26,15/03/1996
59,Michael,Lewis,M,2,21/06/2020
60," Khaya Calvin",Williams," KC",37,21/08/1985
61,Mary,Davis,M,35,08/05/1987
62,Andre,Jacobs,A,29,09/12/1993
63,Patricia,Zulu,P,16,18/02/2006
64,Mary,Zulu,M,4,16/04/2018
65,"Lisa Gabriella",Dlamini,LG,2,13/07/2020
66,Esther,Mazibuko,E,35,07/11/1987
67,James,Bester,J,27,25/09/1995
68,Ryan,Dlamini,R,13,16/04/2009
69," Purity Chloë",Jantjies," PC",23,19/01/1999
70,Jess,Smith,J,12,12/05/2010
71,Kimberly,Mokwena,K,23,25/06/1999
72,Nina,Scott,N,30,02/01/1992
73,Angelica,Lewis,A,30,25/06/1992
74,James,Ngwenya,J,27,05/01/1995
75,Patricia,Mazibuko,P,29,17/11/1993
76,Patricia,Venter,P,9,17/12/2013
77,Mary,Scott,M,5,25/09/2017
78,"Lisa Gabriella",Jacobs,LG,2,14/12/2020
79,Patricia,Scott,P,1,14/04/2021
80,Patricia,Lewis,P,43,17/01/1979
81,Andre,Coetzee,A,22,09/09/2000
82,Kimberly,Zulu,K,10,28/09/2012
83," Khaya Calvin",Venter," KC",25,11/08/1997
84,Angelica,Zulu,A,29,08/07/1993
85,Ryan,Jantjies,R,6,20/03/2016
86,Michael,Zulu,M,37,17/07/1985
87," Khaya Calvin",Jantjies," KC",19,24/07/2003
88,Angelica,Bester,A,38,07/10/1984
89,"Mduduzi Welcome",Jantjies,MW,8,05/04/2014
90,Esther,Lewis,E,33,22/09/1989
91," Khaya Calvin",Ngwenya," KC",40,18/04/1982
92," Purity Chloë",Brown," PC",48,20/11/1974
93,Mary,Dlamini,M,32,10/01/1990
94,Mary,Coetzee,M,48,29/11/1974
95,Jess,Dlamini,J,8,13/12/2014
96,Ryan,Zulu,R,49,09/04/1973
97,"Lisa Gabriella",Scott,LG,50,07/12/1972
98,Angelica,Jantjies,A,30,02/10/1992
99,Bianca,Ndlovu,B,3,02/11/2019
100,Mary,Jantjies,M,46,09/12/1976
101,Andre,Brown,A,47,20/06/1975
102,Tim,Mazibuko,T,10,03/08/2012
103,Tim,Ndlovu,T,20,15/11/2002
104,"Mduduzi Welcome",Brown,MW,19,09/07/2003
105,Mxolisi,Mazibuko,M,30,23/02/1992
106,Michael,Jantjies,M,25,25/03/1997
107,"Sizwe Isaac",Williams,SI,44,05/09/1978
108,Angelica,Zulu,A,13,05/06/2009
109,Jess,Brown,J,21,06/08/2001
110,Kimberly,Jacobs,K,41,02/04/1981
111,Ryan,Bester,R,6,29/09/2016
112,Mxolisi,Mokwena,M,50,15/06/1972
113,John,Williams,J,51,30/05/1971
114,Mxolisi,Bester,M,32,17/05/1990
115,Mary,Coetzee,M,47,26/08/1975
116,Ryan,Jantjies,R,16,26/01/2006
117,Mary,Govender,M,52,18/08/1970
118,Mxolisi,Venter,M,10,26/01/2012
119,Kimberly,Bester,K,2,21/03/2020
120,"Sizwe Isaac",Dlamini,SI,10,23/12/2012
121,James,Zulu,J,5,19/11/2017
122,Jess,Ndlovu,J,20,04/05/2002
123," Khaya Calvin",Davis," KC",9,12/08/2013
124,Mary,Jantjies,M,11,07/11/2011
125,Patricia,Johnson,P,37,27/06/1985
126,Esther,Govender,E,22,25/08/2000
127,Mxolisi,Jantjies,M,42,03/01/1980
128,Jess,Ngwenya,J,24,14/09/1998
129,Mxolisi,Jantjies,M,26,28/11/1996
130,James,Mbatha,J,41,18/09/1981
131,Nina,Bester,N,49,01/04/1973
132,Kimberly,Williams,K,4,07/10/2018
133,Mxolisi,Mokwena,M,25,21/08/1997
134,"Lisa Gabriella",Coetzee,LG,17,19/12/2005
135,Ryan,Johnson,R,25,14/02/1997
136,Kimberly,Mazibuko,K,23,22/04/1999
137,Mxolisi,Dlamini,M,44,19/06/1978
138,Ryan,Ngwenya,R,50,26/10/1972
139,Angelica,Davis,A,37,17/05/1985
140,Mxolisi,Ngwenya,M,29,27/11/1993
141,Bianca,Dlamini,B,12,24/04/2010
142,Mary,Davis,M,24,19/07/1998
143,Tim,Smith,T,45,29/07/1977
144,Kimberly,Scott,K,4,26/09/2018
145,Kimberly,Zulu,K,47,27/08/1975
146,Andre,Johnson,A,15,12/09/2007
147,Kimberly,Brown,K,18,19/10/2004
148,Angelica,Johnson,A,8,12/07/2014
149,"Mduduzi Welcome",Johnson,MW,25,29/03/1997
150,"Sizwe Isaac",Bester,SI,36,01/06/1986
151," Purity Chloë",Govender," PC",26,17/02/1996
152,James,Ndlovu,J,7,02/12/2015
153,"Sizwe Isaac",Govender,SI,16,16/07/2006
154,Kimberly,Mbatha,K,2,29/03/2020
155,Mxolisi,Brown,M,32,14/09/1990
156,Kimberly,Jantjies,K,25,13/12/1997
157,Angelica,Zulu,A,38,07/06/1984
158,Tim,Brown,T,11,06/09/2011
159,Tim,Zulu,T,33,11/08/1989
160,Kimberly,Johnson,K,37,18/08/1985
161,Jess,Jacobs,J,15,30/09/2007
162,Esther,Coetzee,E,8,03/03/2014
163,Esther,Jacobs,E,14,01/10/2008
164,James,Zulu,J,28,31/05/1994
165,Tim,Johnson,T,20,24/10/2002
166,Nina,Davis,N,16,11/12/2006
167,"Mduduzi Welcome",Smith,MW,23,16/08/1999
168,Andre,Scott,A,4,20/04/2018
169,Kimberly,Jantjies,K,28,04/08/1994
170,"Sizwe Isaac",Jacobs,SI,23,22/10/1999
171,"Lisa Gabriella",Dlamini,LG,13,08/06/2009
172,Bianca,Ndlovu,B,6,26/05/2016
173,Mxolisi,Jacobs,M,36,04/12/1986
174,Angelica,Govender,A,41,03/06/1981
175,Michael,Williams,M,7,22/11/2015
176,Angelica,Dlamini,A,4,12/05/2018
177,Mary,Coetzee,M,33,10/07/1989
178,Ryan,Dlamini,R,46,19/08/1976
179,Jess,Brown,J,46,29/06/1976
180,Michael,Smith,M,29,23/03/1993
181,Mary,Ngwenya,M,19,13/11/2003
182,Andre,Bester,A,13,18/03/2009
183," Purity Chloë",Scott," PC",36,20/03/1986
184,Mary,Mbatha,M,15,20/04/2007
185,Bianca,Bester,B,2,04/07/2020
186,"Sizwe Isaac",Govender,SI,33,21/06/1989
187,Bianca,Mazibuko,B,19,20/12/2003
188,Ryan,Mazibuko,R,41,22/10/1981
189,Nina,Coetzee,N,44,21/06/1978
190,"Mduduzi Welcome",Davis,MW,16,18/02/2006
191,Angelica,Mokwena,A,29,15/04/1993
192,Angelica,Mokwena,A,40,11/02/1982
193,Bianca,Jacobs,B,39,13/10/1983
194,Angelica,Zulu,A,48,17/03/1974
195,John,Ndlovu,J,4,14/04/2018
196,Andre,Jantjies,A,19,29/10/2003
197,John,Coetzee,J,1,27/11/2021
198," Purity Chloë",Smith," PC",1,12/05/2021
199,Nina,Mokwena,N,17,13/04/2005
200," Khaya Calvin",Scott," KC",43,05/03/1979
201,James,Williams,J,43,15/09/1979
202,"Lisa Gabriella",Mazibuko,LG,48,28/09/1974
203,Andre,Zulu,A,17,01/04/2005
204,"Lisa Gabriella",Brown,LG,15,10/07/2007
205,Esther,Davis,E,0,25/05/2022
206,Michael,Johnson,M,11,24/05/2011
207," Khaya Calvin",Williams," KC",6,04/04/2016
208,Mxolisi,Williams,M,9,12/04/2013
209,Ryan,Smith,R,0,04/02/2022
210,Angelica,Johnson,A,5,19/04/2017
211,Ryan,Mbatha,R,38,08/11/1984
212,Mxolisi,Bester,M,3,06/07/2019
213,Tim,Mokwena,T,26,31/01/1996
214,Angelica,Lewis,A,21,05/09/2001
215,Esther,Zulu,E,45,07/08/1977
216,Nina,Johnson,N,32,01/02/1990
217,"Sizwe Isaac",Coetzee,SI,10,21/01/2012
218,Esther,Smith,E,46,06/10/1976
219,"Lisa Gabriella",Govender,LG,43,23/12/1979
220,Tim,Smith,T,4,21/10/2018
221,Tim,Jacobs,T,20,28/12/2002
222,John,Mokwena,J,1,25/11/2021
223,"Mduduzi Welcome",Williams,MW,5,11/05/2017
224,Esther,Lewis,E,14,12/08/2008
225," Khaya Calvin",Mbatha," KC",20,06/04/2002
226,Tim,Johnson,T,42,05/06/1980
227,Kimberly,Scott,K,52,21/08/1970
228,Tim,Bester,T,44,18/07/1978
229,Bianca,Zulu,B,22,12/02/2000
230,"Lisa Gabriella",Ndlovu,LG,40,07/04/1982
231,"Mduduzi Welcome",Scott,MW,34,16/02/1988
232,Angelica,Mazibuko,A,2,29/06/2020
233," Purity Chloë",Smith," PC",43,18/05/1979
234,James,Coetzee,J,37,11/04/1985
235," Khaya Calvin",Johnson," KC",34,06/02/1988
236," Purity Chloë",Dlamini," PC",29,15/03/1993
237,Mary,Ngwenya,M,34,12/06/1988
238," Purity Chloë",Venter," PC",40,20/08/1982
239,"Sizwe Isaac",Mokwena,SI,37,30/08/1985
240,Jess,Mbatha,J,47,08/07/1975
241,Jess,Mazibuko,J,10,02/11/2012
242,Mary,Jacobs,M,35,17/07/1987
243,Mary,Mokwena,M,14,06/08/2008
244,Esther,Mbatha,E,21,19/07/2001
245,Patricia,Mbatha,P,45,02/01/1977
246,Nina,Ngwenya,N,6,17/09/2016
247,Mary,Mazibuko,M,46,16/07/1976
248,Mary,Davis,M,29,05/02/1993
249,Ryan,Venter,R,16,04/01/2006
250,"Sizwe Isaac",Mokwena,SI,46,28/04/1976
251,Mxolisi,Brown,M,48,18/07/1974
252,John,Govender,J,35,26/10/1987
253,John,Jantjies,J,41,03/07/1981
254,Michael,Ndlovu,M,37,11/05/1985
255,"Sizwe Isaac",Williams,SI,38,18/08/1984
256,"Lisa Gabriella",Mazibuko,LG,21,11/03/2001
257,Nina,Williams,N,7,30/04/2015
258,James,Zulu,J,14,13/01/2008
259,"Sizwe Isaac",Mbatha,SI,2,01/03/2020
260,Esther,Jantjies,E,49,22/05/1973
261,"Lisa Gabriella",Mokwena,LG,24,06/10/1998
262,Andre,Ndlovu,A,6,10/02/2016
263,Mary,Coetzee,M,5,13/10/2017
264," Purity Chloë",Bester," PC",5,13/10/2017
265," Khaya Calvin",Jantjies," KC",26,18/05/1996
266,Mxolisi,Bester,M,14,22/04/2008
267,Esther,Zulu,E,30,18/03/1992
268,Michael,Mokwena,M,15,28/11/2007
269,Michael,Zulu,M,42,24/02/1980
270," Khaya Calvin",Johnson," KC",31,30/11/1991
271,Andre,Mbatha,A,23,24/11/1999
272,Mary,Coetzee,M,15,23/05/2007
273,Bianca,Jacobs,B,51,21/06/1971
274,"Mduduzi Welcome",Govender,MW,21,09/11/2001
275,James,Govender,J,1,12/05/2021
276,"Sizwe Isaac",Jantjies,SI,9,31/03/2013
277,Nina,Ndlovu,N,33,06/03/1989
278,"Lisa Gabriella",Bester,LG,34,11/10/1988
279,Michael,Davis,M,40,23/08/1982
280,"Mduduzi Welcome",Lewis,MW,51,01/01/1971
281,Angelica,Mazibuko,A,51,01/02/1971
282,Nina,Jantjies,N,34,20/02/1988
283,"Sizwe Isaac",Coetzee,SI,43,20/04/1979
284,Nina,Smith,N,30,08/01/1992
285,Mary,Bester,M,32,27/10/1990
286,Nina,Davis,N,44,14/11/1978
287,John,Zulu,J,29,14/11/1993
288,Michael,Scott,M,46,20/05/1976
289,Bianca,Govender,B,33,29/04/1989
290," Khaya Calvin",Jacobs," KC",46,04/06/1976
291,Patricia,Brown,P,0,31/01/2022
292,Ryan,Coetzee,R,4,20/03/2018
293,"Mduduzi Welcome",Coetzee,MW,4,10/01/2018
294,Michael,Williams,M,31,06/04/1991
295,James,Govender,J,31,02/09/1991
296,Nina,Lewis,N,23,26/12/1999
297,Andre,Scott,A,11,05/03/2011
298,"Sizwe Isaac",Coetzee,SI,7,05/07/2015
299,James,Brown,J,36,10/05/1986
300,Kimberly,Scott,K,32,05/08/1990
301,"Mduduzi Welcome",Jantjies,MW,9,29/08/2013
302,John,Zulu,J,0,26/04/2022
303,James,Smith,J,32,24/08/1990
304,Kimberly,Jacobs,K,12,05/03/2010
305,"Sizwe Isaac",Jantjies,SI,12,01/04/2010
306,Angelica,Ndlovu,A,51,25/11/1971
307,John,Coetzee,J,45,25/12/1977
308,Tim,Williams,T,43,23/09/1979
309,Jess,Govender,J,37,10/05/1985
310,John,Scott,J,3,26/05/2019
311," Khaya Calvin",Williams," KC",36,13/09/1986
312,Esther,Coetzee,E,35,31/07/1987
313,"Sizwe Isaac",Govender,SI,17,24/06/2005
314,James,Venter,J,39,28/06/1983
315,Jess,Scott,J,22,13/02/2000
316," Khaya Calvin",Coetzee," KC",16,28/05/2006
317,Angelica,Scott,A,16,30/03/2006
318,Mxolisi,Lewis,M,23,21/12/1999
319,"Sizwe Isaac",Jantjies,SI,39,23/07/1983
320,Tim,Mokwena,T,21,04/08/2001
321," Purity Chloë",Dlamini," PC",22,24/08/2000
322,John,Bester,J,8,12/07/2014
323," Khaya Calvin",Dlamini," KC",18,12/05/2004
324,Tim,Jantjies,T,12,11/11/2010
325,Jess,Ngwenya,J,11,10/06/2011
326,Tim,Johnson,T,46,24/02/1976
327,Patricia,Scott,P,14,29/05/2008
328,James,Mokwena,J,10,30/12/2012
329,Bianca,Scott,B,23,03/09/1999
330,John,Jacobs,J,36,23/08/1986
331,"Mduduzi Welcome",Govender,MW,36,04/03/1986
332,"Mduduzi Welcome",Zulu,MW,4,28/01/2018
333,Nina,Govender,N,22,16/08/2000
334,James,Brown,J,23,18/12/1999
335,Mxolisi,Williams,M,48,21/06/1974
336,"Mduduzi Welcome",Mokwena,MW,36,29/10/1986
337,Angelica,Jantjies,A,50,18/08/1972
338,Ryan,Ndlovu,R,14,28/03/2008
339,Angelica,Jantjies,A,33,07/03/1989
340,Ryan,Jacobs,R,16,19/01/2006
341,Kimberly,Davis,K,20,28/09/2002
342,Andre,Williams,A,39,07/09/1983
343," Purity Chloë",Jantjies," PC",41,17/02/1981
344," Khaya Calvin",Mazibuko," KC",20,11/04/2002
345,Ryan,Venter,R,16,30/10/2006
346," Khaya Calvin",Johnson," KC",18,02/06/2004
347,Kimberly,Mokwena,K,25,09/02/1997
348,"Mduduzi Welcome",Johnson,MW,46,08/06/1976
349,Patricia,Mbatha,P,34,21/01/1988
350,Angelica,Venter,A,44,26/02/1978
351,Angelica,Smith,A,8,07/10/2014
352," Purity Chloë",Smith," PC",19,25/10/2003
353,Ryan,Govender,R,14,18/12/2008
354,Angelica,Davis,A,39,18/07/1983
355,Bianca,Ndlovu,B,31,15/11/1991
356,Kimberly,Jacobs,K,51,31/03/1971
357,"Sizwe Isaac",Mazibuko,SI,34,29/10/1988
358," Khaya Calvin",Zulu," KC",43,07/11/1979
359,Tim,Mbatha,T,28,15/09/1994
360,Nina,Williams,N,33,27/03/1989
361,Andre,Venter,A,29,28/01/1993
362," Khaya Calvin",Venter," KC",35,02/09/1987
363,Ryan,Lewis,R,14,22/07/2008
364,Michael,Scott,M,31,19/02/1991
365,Jess,Mazibuko,J,37,12/03/1985
366,Nina,Jantjies,N,32,02/11/1990
367,"Sizwe Isaac",Smith,SI,24,13/02/1998
368," Purity Chloë",Jacobs," PC",36,20/08/1986
369,"Mduduzi Welcome",Williams,MW,35,15/04/1987
370,"Lisa Gabriella",Davis,LG,18,16/05/2004
371,Kimberly,Coetzee,K,12,02/02/2010
372,Tim,Jacobs,T,14,11/12/2008
373,"Lisa Gabriella",Zulu,LG,30,23/08/1992
374,Mary,Davis,M,43,15/06/1979
375,Angelica,Jantjies,A,10,29/03/2012
376,"Mduduzi Welcome",Govender,MW,36,17/02/1986
377,Michael,Lewis,M,22,17/10/2000
378,Jess,Mazibuko,J,16,09/07/2006
379,Mxolisi,Bester,M,4,13/12/2018
380,Andre,Govender,A,29,30/07/1993
381,Ryan,Govender,R,16,05/05/2006
382,Jess,Zulu,J,1,14/08/2021
383,Patricia,Mazibuko,P,50,30/11/1972
384,Bianca,Scott,B,26,13/09/1996
385,Michael,Jacobs,M,33,20/02/1989
386,Kimberly,Dlamini,K,46,11/09/1976
387,John,Govender,J,12,20/11/2010
388,Nina,Lewis,N,7,02/11/2015
389,Nina,Jacobs,N,13,12/05/2009
390,Ryan,Venter,R,42,11/09/1980
391," Purity Chloë",Bester," PC",46,21/11/1976
392,Patricia,Venter,P,34,10/07/1988
393,Angelica,Johnson,A,26,14/04/1996
394,Mxolisi,Mbatha,M,27,24/04/1995
395,Bianca,Scott,B,42,02/11/1980
396,"Lisa Gabriella",Mokwena,LG,9,02/03/2013
397,James,Mazibuko,J,25,12/11/1997
398,Esther,Ndlovu,E,33,07/02/1989
399," Purity Chloë",Scott," PC",11,16/02/2011
400,"Mduduzi Welcome",Davis,MW,31,14/02/1991
401,James,Brown,J,12,08/08/2010
402,Patricia,Mokwena,P,47,30/05/1975
403,Angelica,Govender,A,3,03/08/2019
404,Nina,Jantjies,N,34,09/07/1988
405,Nina,Mbatha,N,42,02/08/1980
406," Khaya Calvin",Mazibuko," KC",43,09/01/1979
407,"Lisa Gabriella",Venter,LG,17,21/03/2005
408," Purity Chloë",Jantjies," PC",7,21/05/2015
409,Tim,Jantjies,T,32,30/01/1990
410,"Lisa Gabriella",Scott,LG,44,16/12/1978
411,Andre,Brown,A,30,20/06/1992
412,Tim,Mbatha,T,42,29/04/1980
413,Mxolisi,Mbatha,M,51,04/10/1971
414,Esther,Coetzee,E,35,27/04/1987
415,Andre,Zulu,A,42,29/01/1980
416,Mxolisi,Ngwenya,M,22,21/11/2000
417,Bianca,Williams,B,16,04/10/2006
418,Patricia,Ngwenya,P,15,18/05/2007
419,Nina,Scott,N,23,24/11/1999
420," Khaya Calvin",Johnson," KC",18,12/12/2004
421,Kimberly,Mokwena,K,11,28/05/2011
422,Kimberly,Mazibuko,K,27,06/08/1995
423,James,Lewis,J,24,29/08/1998
424,Mxolisi,Ngwenya,M,27,16/02/1995
425,Angelica,Bester,A,6,06/06/2016
426,James,Brown,J,37,13/11/1985
427,Kimberly,Johnson,K,36,10/06/1986
428,Esther,Mbatha,E,5,10/05/2017
429," Purity Chloë",Zulu," PC",6,12/10/2016
430,Andre,Mokwena,A,46,11/12/1976
431,Kimberly,Mokwena,K,52,20/10/1970
432,Angelica,Ndlovu,A,50,30/12/1972
433,"Mduduzi Welcome",Smith,MW,18,30/09/2004
434,Andre,Mbatha,A,16,03/10/2006
435," Purity Chloë",Davis," PC",41,31/12/1981
436,"Sizwe Isaac",Brown,SI,6,06/12/2016
437,James,Ndlovu,J,15,22/09/2007
438,Angelica,Lewis,A,43,20/04/1979
439,Angelica,Zulu,A,13,29/07/2009
440,Kimberly,Lewis,K,36,12/02/1986
441," Khaya Calvin",Dlamini," KC",44,03/11/1978
442,"Mduduzi Welcome",Ndlovu,MW,39,24/08/1983
443,John,Ndlovu,J,1,16/11/2021
444,Bianca,Mbatha,B,7,24/12/2015
445,Mxolisi,Johnson,M,10,28/07/2012
446,"Sizwe Isaac",Smith,SI,22,27/09/2000
447,Tim,Williams,T,28,03/05/1994
448,James,Ngwenya,J,51,02/03/1971
449,Bianca,Jantjies,B,8,27/12/2014
450,James,Jacobs,J,29,10/03/1993
451,Patricia,Williams,P,28,23/11/1994
452,Mary,Smith,M,44,23/10/1978
453,Michael,Dlamini,M,34,01/01/1988
454,Ryan,Smith,R,17,30/04/2005
455,Nina,Ndlovu,N,39,17/09/1983
456,Tim,Zulu,T,27,05/06/1995
457,Jess,Coetzee,J,29,12/10/1993
458,James,Ndlovu,J,14,28/03/2008
459,Patricia,Williams,P,13,18/08/2009
460,Nina,Jacobs,N,9,09/12/2013
461,John,Coetzee,J,36,25/01/1986
462,Tim,Bester,T,9,05/12/2013
463,Michael,Lewis,M,24,11/09/1998
464,Mxolisi,Brown,M,4,03/12/2018
465,Nina,Davis,N,1,05/02/2021
466,Michael,Brown,M,49,14/08/1973
467,James,Davis,J,15,14/03/2007
468,John,Bester,J,46,23/09/1976
469,"Mduduzi Welcome",Zulu,MW,23,28/12/1999
470,Tim,Johnson,T,22,02/03/2000
471,Ryan,Venter,R,49,10/02/1973
472,Esther,Brown,E,18,31/05/2004
473,Esther,Smith,E,22,28/02/2000
474,John,Venter,J,12,05/08/2010
475,James,Dlamini,J,37,06/06/1985
476," Purity Chloë",Jacobs," PC",30,26/05/1992
477,Andre,Johnson,A,23,20/05/1999
478,Esther,Ndlovu,E,4,31/10/2018
479,Bianca,Mbatha,B,18,20/01/2004
480,Patricia,Bester,P,4,25/11/2018
481,Kimberly,Bester,K,38,22/10/1984
482,Jess,Mokwena,J,42,28/11/1980
483,John,Coetzee,J,29,31/10/1993
484,Bianca,Govender,B,2,26/10/2020
485,"Sizwe Isaac",Bester,SI,38,15/05/1984
486,Jess,Lewis,J,24,20/10/1998
487,Mary,Mazibuko,M,45,26/10/1977
488,Angelica,Ndlovu,A,39,22/01/1983
489,Angelica,Venter,A,34,07/02/1988
490,John,Coetzee,J,1,28/10/2021
491,Ryan,Jantjies,R,25,19/09/1997
492,"Sizwe Isaac",Zulu,SI,12,30/05/2010
493,John,Dlamini,J,6,12/12/2016
494,"Mduduzi Welcome",Jantjies,MW,0,12/06/2022
495," Purity Chloë",Venter," PC",50,26/02/1972
496,Nina,Venter,N,1,09/03/2021
497," Purity Chloë",Williams," PC",16,10/08/2006
498,Tim,Jacobs,T,49,05/07/1973
499,Tim,Jacobs,T,2,14/12/2020
500," Purity Chloë",Johnson," PC",12,20/03/2010
501,"Sizwe Isaac",Mazibuko,SI,3,26/01/2019
502,"Lisa Gabriella",Ngwenya,LG,43,16/06/1979
503,Kimberly,Zulu,K,38,17/08/1984
504,Mary,Jantjies,M,42,15/06/1980
505,Nina,Bester,N,48,15/08/1974
506,Michael,Ndlovu,M,6,22/09/2016
507,Michael,Venter,M,12,16/03/2010
508,"Mduduzi Welcome",Davis,MW,38,25/01/1984
509,Bianca,Brown,B,49,22/02/1973
510,Jess,Williams,J,30,09/12/1992
511,Michael,Zulu,M,10,01/05/2012
512,Michael,Davis,M,13,17/05/2009
513,Mxolisi,Ngwenya,M,36,12/07/1986
514," Purity Chloë",Mokwena," PC",49,15/02/1973
515,John,Scott,J,12,23/05/2010
516,Andre,Bester,A,22,15/11/2000
517," Khaya Calvin",Smith," KC",37,12/10/1985
518,"Mduduzi Welcome",Williams,MW,9,23/09/2013
519,Bianca,Jantjies,B,39,13/07/1983
520,James,Williams,J,23,01/06/1999
521,Jess,Govender,J,2,09/07/2020
522,John,Ndlovu,J,2,09/02/2020
523,Patricia,Scott,P,14,22/11/2008
524,James,Scott,J,33,07/06/1989
525,James,Bester,J,6,19/07/2016
526,Patricia,Venter,P,41,03/03/1981
527,Michael,Mokwena,M,37,10/03/1985
528,Jess,Mbatha,J,42,14/03/1980
529,Angelica,Coetzee,A,13,05/08/2009
530," Khaya Calvin",Williams," KC",4,15/05/2018
531,"Mduduzi Welcome",Venter,MW,36,26/01/1986
532,Tim,Coetzee,T,35,21/06/1987
533,Esther,Mbatha,E,4,23/06/2018
534,"Sizwe Isaac",Govender,SI,40,08/05/1982
535,John,Mazibuko,J,44,16/04/1978
536," Khaya Calvin",Johnson," KC",11,22/12/2011
537,Mxolisi,Smith,M,4,14/03/2018
538," Khaya Calvin",Smith," KC",5,21/07/2017
539,Michael,Jacobs,M,50,02/05/1972
540,Mary,Ndlovu,M,22,24/08/2000
541,Kimberly,Bester,K,43,22/02/1979
542,Bianca,Mazibuko,B,10,13/02/2012
543,Jess,Jacobs,J,13,04/02/2009
544,Kimberly,Ndlovu,K,28,24/05/1994
545,Ryan,Lewis,R,34,21/08/1988
546,Jess,Brown,J,4,01/06/2018
547," Khaya Calvin",Scott," KC",36,03/02/1986
548,"Lisa Gabriella",Dlamini,LG,37,29/10/1985
549,"Sizwe Isaac",Jantjies,SI,50,25/04/1972
550,Angelica,Ngwenya,A,27,12/12/1995
551,Andre,Bester,A,23,24/07/1999
552,Mary,Mazibuko,M,30,02/11/1992
553,Kimberly,Ndlovu,K,49,09/08/1973
554,James,Dlamini,J,39,08/02/1983
555,Ryan,Davis,R,21,14/04/2001
556,Mary,Brown,M,23,27/06/1999
557,James,Mokwena,J,45,28/06/1977
558," Khaya Calvin",Johnson," KC",44,20/05/1978
559,Nina,Mbatha,N,13,27/01/2009
560,Jess,Venter,J,16,27/04/2006
561,Bianca,Davis,B,52,17/05/1970
562,Tim,Lewis,T,8,16/12/2014
563,Jess,Williams,J,9,05/07/2013
564,Esther,Scott,E,19,11/07/2003
565,Esther,Jantjies,E,3,07/07/2019
566," Purity Chloë",Zulu," PC",37,08/05/1985
567,"Sizwe Isaac",Ngwenya,SI,51,03/09/1971
568,Patricia,Zulu,P,37,20/07/1985
569,Bianca,Jantjies,B,19,27/01/2003
570,Patricia,Bester,P,39,10/02/1983
571,Nina,Davis,N,6,22/11/2016
572,James,Smith,J,11,21/01/2011
573,Ryan,Ndlovu,R,20,02/03/2002
574,John,Lewis,J,18,26/09/2004
575,Ryan,Lewis,R,30,20/08/1992
576,Mary,Scott,M,12,09/05/2010
577,John,Bester,J,16,30/04/2006
578,Kimberly,Coetzee,K,8,21/10/2014
579,Andre,Ngwenya,A,6,20/06/2016
580,"Sizwe Isaac",Jantjies,SI,30,15/03/1992
581,John,Scott,J,44,16/10/1978
582,"Mduduzi Welcome",Dlamini,MW,9,24/12/2013
583,"Mduduzi Welcome",Ndlovu,MW,39,10/02/1983
584,"Mduduzi Welcome",Mokwena,MW,52,20/05/1970
585,Esther,Mbatha,E,46,21/07/1976
586,Michael,Jacobs,M,22,03/07/2000
587,Michael,Mbatha,M,45,29/06/1977
588,Mxolisi,Coetzee,M,37,28/11/1985
589,James,Mazibuko,J,30,06/01/1992
590,Kimberly,Johnson,K,0,07/02/2022
591,Esther,Bester,E,18,30/07/2004
592,Kimberly,Jacobs,K,36,15/11/1986
593,Andre,Davis,A,0,12/02/2022
594,Kimberly,Govender,K,7,01/05/2015
595,Esther,Lewis,E,36,22/09/1986
596,Bianca,Mbatha,B,42,11/06/1980
597,Esther,Zulu,E,35,20/06/1987
598,"Sizwe Isaac",Govender,SI,8,30/12/2014
599,Esther,Zulu,E,45,16/12/1977
600,Ryan,Govender,R,20,25/11/2002
601,Jess,Mazibuko,J,5,06/06/2017
602,"Sizwe Isaac",Smith,SI,12,30/01/2010
603,Kimberly,Coetzee,K,27,28/12/1995
604,Patricia,Ngwenya,P,7,22/08/2015
605,"Lisa Gabriella",Ndlovu,LG,34,28/05/1988
606,James,Davis,J,30,28/12/1992
607,"Mduduzi Welcome",Venter,MW,17,01/10/2005
608,"Sizwe Isaac",Jantjies,SI,10,20/04/2012
609,Michael,Mbatha,M,23,04/02/1999
610,Mary,Johnson,M,51,31/08/1971
611,Esther,Scott,E,8,02/03/2014
612,Mxolisi,Govender,M,5,04/01/2017
613,Bianca,Mokwena,B,4,24/12/2018
614,James,Ndlovu,J,43,28/04/1979
615,James,Lewis,J,37,26/08/1985
616,Esther,Mazibuko,E,44,28/03/1978
617,Jess,Mazibuko,J,34,22/01/1988
618,Mxolisi,Lewis,M,4,19/12/2018
619,Bianca,Brown,B,7,19/05/2015
620,Michael,Mbatha,M,16,19/05/2006
621,"Mduduzi Welcome",Williams,MW,36,22/10/1986
622,Patricia,Lewis,P,16,07/05/2006
623,Esther,Jacobs,E,24,17/11/1998
624,Bianca,Dlamini,B,26,23/04/1996
625,Angelica,Mokwena,A,31,18/07/1991
626,John,Jantjies,J,42,11/03/1980
627,Bianca,Ndlovu,B,29,24/04/1993
628,Tim,Mokwena,T,13,06/01/2009
629," Purity Chloë",Brown," PC",49,08/10/1973
630,Tim,Brown,T,7,04/08/2015
631,John,Govender,J,27,22/01/1995
632," Purity Chloë",Davis," PC",10,28/11/2012
633,Esther,Mbatha,E,41,29/09/1981
634,Bianca,Jantjies,B,39,16/10/1983
635,James,Williams,J,28,23/06/1994
636,Mary,Smith,M,21,13/08/2001
637,Mxolisi,Coetzee,M,50,13/01/1972
638,"Lisa Gabriella",Venter,LG,3,21/11/2019
639,James,Jacobs,J,34,18/10/1988
640,Kimberly,Ndlovu,K,48,09/02/1974
641," Khaya Calvin",Coetzee," KC",3,14/12/2019
642,Angelica,Ngwenya,A,2,18/10/2020
643,Bianca,Govender,B,25,01/11/1997
644,Esther,Williams,E,39,18/10/1983
645,Tim,Mbatha,T,9,20/03/2013
646,Esther,Mbatha,E,21,21/02/2001
647,Ryan,Venter,R,46,12/07/1976
648,"Sizwe Isaac",Mbatha,SI,43,29/07/1979
649,Mary,Ngwenya,M,18,04/10/2004
650," Purity Chloë",Zulu," PC",42,20/01/1980
651,Mary,Bester,M,23,30/04/1999
652,"Lisa Gabriella",Ndlovu,LG,6,13/01/2016
653,Michael,Venter,M,37,27/02/1985
654,Bianca,Jacobs,B,5,23/04/2017
655,Angelica,Ndlovu,A,48,25/06/1974
656,John,Mokwena,J,23,16/06/1999
657,Angelica,Ngwenya,A,19,08/08/2003
658,Michael,Jantjies,M,43,25/11/1979
659,Michael,Mokwena,M,24,16/01/1998
660,Bianca,Venter,B,29,13/09/1993
661,Patricia,Bester,P,30,18/11/1992
662,"Sizwe Isaac",Zulu,SI,14,31/08/2008
663," Purity Chloë",Brown," PC",30,17/02/1992
664,Mxolisi,Zulu,M,25,03/09/1997
665,Ryan,Venter,R,41,20/09/1981
666,Mxolisi,Govender,M,24,28/01/1998
667," Khaya Calvin",Williams," KC",44,18/10/1978
668,John,Scott,J,19,26/01/2003
669,Bianca,Brown,B,51,30/07/1971
670,"Mduduzi Welcome",Brown,MW,50,20/02/1972
671," Purity Chloë",Venter," PC",31,21/04/1991
672,"Mduduzi Welcome",Jantjies,MW,8,23/04/2014
673,"Lisa Gabriella",Mbatha,LG,0,27/02/2022
674,Jess,Williams,J,45,14/03/1977
675,Esther,Ngwenya,E,31,29/10/1991
676,Tim,Mbatha,T,11,07/02/2011
677,"Sizwe Isaac",Davis,SI,29,29/06/1993
678,Andre,Smith,A,7,22/03/2015
679," Purity Chloë",Ngwenya," PC",26,03/01/1996
680,Tim,Lewis,T,2,15/07/2020
681,Patricia,Johnson,P,34,18/03/1988
682,Mary,Jantjies,M,21,24/03/2001
683,Michael,Mazibuko,M,23,04/10/1999
684,Bianca,Williams,B,7,05/12/2015
685,Kimberly,Scott,K,35,06/03/1987
686,"Sizwe Isaac",Govender,SI,46,02/12/1976
687,Ryan,Mbatha,R,1,15/07/2021
688,Tim,Brown,T,37,25/04/1985
689,Ryan,Smith,R,18,17/01/2004
690,Andre,Ndlovu,A,52,08/09/1970
691,Tim,Jantjies,T,33,06/08/1989
692,Tim,Johnson,T,8,09/09/2014
693,Tim,Johnson,T,33,28/04/1989
694," Khaya Calvin",Johnson," KC",29,14/07/1993
695," Khaya Calvin",Johnson," KC",33,08/02/1989
696,"Mduduzi Welcome",Williams,MW,3,08/09/2019
697,"Mduduzi Welcome",Jacobs,MW,14,02/09/2008
698,Mary,Zulu,M,38,21/01/1984
699,"Lisa Gabriella",Brown,LG,28,20/07/1994
700,"Mduduzi Welcome",Mokwena,MW,36,17/07/1986
701," Khaya Calvin",Bester," KC",20,03/07/2002
702," Khaya Calvin",Jacobs," KC",27,17/02/1995
703," Purity Chloë",Coetzee," PC",11,28/02/2011
704,John,Brown,J,18,17/08/2004
705," Purity Chloë",Ngwenya," PC",30,29/03/1992
706,Ryan,Bester,R,14,10/08/2008
707," Purity Chloë",Davis," PC",45,12/03/1977
708,"Lisa Gabriella",Coetzee,LG,20,10/09/2002
709,Patricia,Venter,P,45,09/03/1977
710,"Mduduzi Welcome",Williams,MW,2,23/11/2020
711,Andre,Govender,A,52,05/01/1970
712,"Lisa Gabriella",Brown,LG,47,16/12/1975
713,Mxolisi,Venter,M,32,06/04/1990
714,Patricia,Dlamini,P,40,26/12/1982
715,Jess,Zulu,J,13,27/02/2009
716,Tim,Govender,T,44,18/11/1978
717,Jess,Williams,J,37,20/04/1985
718,Ryan,Mokwena,R,38,13/08/1984
719,Kimberly,Jantjies,K,35,11/06/1987
720,Mxolisi,Ngwenya,M,27,01/05/1995
721,Esther,Jantjies,E,10,07/11/2012
722,Esther,Jacobs,E,43,07/10/1979
723,Esther,Mazibuko,E,1,15/05/2021
724,James,Jantjies,J,49,02/09/1973
725,Esther,Mbatha,E,28,27/05/1994
726,Tim,Scott,T,49,14/09/1973
727," Khaya Calvin",Venter," KC",44,20/09/1978
728,Jess,Davis,J,26,04/07/1996
729,Michael,Jacobs,M,33,07/04/1989
730,"Lisa Gabriella",Davis,LG,47,02/10/1975
731,Ryan,Bester,R,52,18/08/1970
732,Esther,Mbatha,E,21,18/11/2001
733,"Mduduzi Welcome",Williams,MW,16,03/05/2006
734,"Sizwe Isaac",Dlamini,SI,32,13/05/1990
735,Tim,Mbatha,T,45,20/07/1977
736,"Sizwe Isaac",Ngwenya,SI,13,02/11/2009
737,Kimberly,Venter,K,40,24/05/1982
738,James,Brown,J,19,12/05/2003
739,Mary,Ngwenya,M,28,02/04/1994
740,Ryan,Lewis,R,51,23/11/1971
741,Michael,Johnson,M,9,29/04/2013
742,Patricia,Smith,P,17,10/12/2005
743,Michael,Jantjies,M,42,08/06/1980
744,Michael,Ngwenya,M,47,16/09/1975
745,Ryan,Lewis,R,37,01/06/1985
746,Kimberly,Mbatha,K,4,26/11/2018
747,Andre,Davis,A,43,01/08/1979
748,Tim,Bester,T,14,15/06/2008
749,Tim,Venter,T,52,22/10/1970
750," Purity Chloë",Johnson," PC",9,08/10/2013
751,Nina,Lewis,N,38,26/11/1984
752,Nina,Jacobs,N,20,04/02/2002
753,Nina,Govender,N,3,16/08/2019
754," Purity Chloë",Brown," PC",10,29/07/2012
755,Bianca,Lewis,B,31,24/08/1991
756,Esther,Govender,E,29,08/11/1993
757,Tim,Brown,T,38,12/05/1984
758,John,Coetzee,J,46,05/01/1976
759,Jess,Johnson,J,38,04/11/1984
760,Bianca,Mbatha,B,24,24/03/1998
761,"Mduduzi Welcome",Jacobs,MW,9,03/10/2013
762,Angelica,Dlamini,A,46,02/05/1976
763,James,Jacobs,J,49,09/06/1973
764,"Lisa Gabriella",Mazibuko,LG,47,08/04/1975
765,Mxolisi,Ngwenya,M,30,07/07/1992
766,Ryan,Zulu,R,50,03/04/1972
767,"Sizwe Isaac",Govender,SI,13,18/09/2009
768,Angelica,Williams,A,33,15/11/1989
769," Purity Chloë",Davis," PC",13,18/07/2009
770,Kimberly,Scott,K,24,30/05/1998
771,Michael,Dlamini,M,2,18/07/2020
772,Mary,Ngwenya,M,27,19/04/1995
773,Ryan,Lewis,R,48,04/05/1974
774,Esther,Govender,E,47,27/03/1975
775,Tim,Williams,T,33,30/03/1989
776,Jess,Dlamini,J,17,16/06/2005
777,Ryan,Mokwena,R,8,22/10/2014
778,"Lisa Gabriella",Ndlovu,LG,40,23/03/1982
779,Bianca,Jantjies,B,44,31/03/1978
780,Mxolisi,Dlamini,M,51,12/11/1971
781,Michael,Bester,M,50,25/01/1972
782,Mxolisi,Bester,M,50,05/08/1972
783,Esther,Lewis,E,38,13/07/1984
784,"Lisa Gabriella",Mazibuko,LG,51,14/10/1971
785," Khaya Calvin",Lewis," KC",10,29/09/2012
786,Bianca,Coetzee,B,8,13/12/2014
787,Andre,Bester,A,14,31/12/2008
788," Khaya Calvin",Mazibuko," KC",30,04/07/1992
789," Purity Chloë",Govender," PC",15,15/05/2007
790," Purity Chloë",Coetzee," PC",11,27/09/2011
791,Esther,Johnson,E,46,18/02/1976
792,Ryan,Davis,R,3,26/07/2019
793,"Sizwe Isaac",Mbatha,SI,12,07/12/2010
794,Mary,Mokwena,M,1,26/03/2021
795,Michael,Mokwena,M,36,25/06/1986
796,John,Mokwena,J,49,05/06/1973
797," Purity Chloë",Davis," PC",31,08/09/1991
798,Nina,Scott,N,11,16/08/2011
799,Mxolisi,Govender,M,50,05/11/1972
800,Angelica,Jacobs,A,2,03/01/2020
801,Patricia,Bester,P,23,21/05/1999
802,Ryan,Scott,R,8,12/07/2014
803,Tim,Scott,T,36,29/05/1986
804,Jess,Scott,J,32,07/04/1990
805,Mxolisi,Brown,M,1,31/07/2021
806," Khaya Calvin",Dlamini," KC",5,05/03/2017
807,Mxolisi,Govender,M,40,12/08/1982
808,Esther,Ndlovu,E,28,23/05/1994
809,Kimberly,Jantjies,K,20,20/11/2002
810,"Sizwe Isaac",Zulu,SI,13,15/02/2009
811,Ryan,Mokwena,R,13,17/06/2009
812,Mary,Govender,M,12,11/05/2010
813,Ryan,Dlamini,R,4,25/06/2018
814,Kimberly,Mbatha,K,52,22/04/1970
815,Jess,Brown,J,19,22/04/2003
816,Tim,Bester,T,47,10/11/1975
817,Esther,Govender,E,17,30/09/2005
818,Jess,Venter,J,45,19/04/1977
819,Esther,Smith,E,20,22/11/2002
820,Kimberly,Scott,K,51,01/01/1971
821,Mary,Ngwenya,M,48,05/06/1974
822,Andre,Zulu,A,6,24/12/2016
823,John,Coetzee,J,13,17/05/2009
824,Angelica,Scott,A,12,17/02/2010
825,Esther,Smith,E,23,11/02/1999
826,Angelica,Ndlovu,A,9,19/05/2013
827,Mary,Mazibuko,M,40,25/05/1982
828,Nina,Ngwenya,N,9,27/04/2013
829,Michael,Brown,M,17,01/10/2005
830,"Mduduzi Welcome",Mbatha,MW,0,11/05/2022
831,Ryan,Ndlovu,R,49,26/11/1973
832,Patricia,Coetzee,P,45,03/02/1977
833," Khaya Calvin",Johnson," KC",3,28/08/2019
834," Khaya Calvin",Mokwena," KC",8,10/11/2014
835,Ryan,Ndlovu,R,33,21/10/1989
836,Andre,Mbatha,A,25,31/08/1997
837,Kimberly,Jantjies,K,38,04/10/1984
838,Patricia,Scott,P,17,11/08/2005
839,Tim,Davis,T,29,10/09/1993
840," Khaya Calvin",Jantjies," KC",36,11/05/1986
841,"Sizwe Isaac",Ngwenya,SI,40,27/05/1982
842,Mxolisi,Zulu,M,14,20/12/2008
843,Jess,Venter,J,11,11/01/2011
844,Jess,Williams,J,44,13/04/1978
845,Mxolisi,Jacobs,M,49,03/11/1973
846,"Lisa Gabriella",Mbatha,LG,16,09/03/2006
847,John,Johnson,J,28,16/08/1994
848,Jess,Brown,J,42,21/07/1980
849,Esther,Mazibuko,E,4,01/12/2018
850,Esther,Williams,E,45,31/01/1977
851,James,Jacobs,J,31,19/05/1991
852,Bianca,Scott,B,3,07/02/2019
853,Angelica,Govender,A,24,07/11/1998
854,Nina,Johnson,N,38,28/07/1984
855,Andre,Jantjies,A,1,06/09/2021
856,Esther,Williams,E,30,03/07/1992
857,Jess,Bester,J,20,13/11/2002
858,Michael,Mokwena,M,12,19/03/2010
859,Tim,Mbatha,T,1,04/04/2021
860," Khaya Calvin",Williams," KC",40,13/06/1982
861,Angelica,Ndlovu,A,21,25/03/2001
862,Mxolisi,Davis,M,51,18/10/1971
863," Purity Chloë",Venter," PC",42,09/01/1980
864,Jess,Johnson,J,6,17/07/2016
865,Jess,Lewis,J,17,17/01/2005
866,John,Coetzee,J,34,30/12/1988
867,"Lisa Gabriella",Smith,LG,19,12/11/2003
868,James,Brown,J,22,09/05/2000
869,Kimberly,Zulu,K,49,02/05/1973
870,Kimberly,Govender,K,4,15/05/2018
871,Ryan,Davis,R,34,26/11/1988
872,James,Ngwenya,J,23,07/01/1999
873,"Sizwe Isaac",Venter,SI,15,11/09/2007
874,Mary,Zulu,M,32,24/06/1990
875,"Sizwe Isaac",Smith,SI,32,17/02/1990
876,Esther,Ndlovu,E,40,05/06/1982
877,Kimberly,Williams,K,42,27/02/1980
878,"Mduduzi Welcome",Lewis,MW,52,13/08/1970
879,Nina,Scott,N,11,04/10/2011
880,Angelica,Jantjies,A,40,13/04/1982
881,"Mduduzi Welcome",Coetzee,MW,2,19/06/2020
882," Khaya Calvin",Jantjies," KC",30,11/04/1992
883,Michael,Dlamini,M,44,03/12/1978
884,Kimberly,Williams,K,17,22/05/2005
885,Bianca,Venter,B,28,10/10/1994
886,John,Zulu,J,31,27/02/1991
887,Bianca,Venter,B,14,09/12/2008
888,"Sizwe Isaac",Dlamini,SI,44,28/08/1978
889,Ryan,Brown,R,2,02/09/2020
890,Mary,Jantjies,M,4,21/09/2018
891,Tim,Smith,T,20,09/02/2002
892,Patricia,Bester,P,25,29/05/1997
893," Purity Chloë",Smith," PC",40,20/08/1982
894," Khaya Calvin",Davis," KC",25,10/01/1997
895,Bianca,Mbatha,B,13,03/10/2009
896,Esther,Davis,E,47,21/03/1975
897,"Sizwe Isaac",Smith,SI,44,02/10/1978
898,Angelica,Mokwena,A,46,25/03/1976
899,Michael,Mokwena,M,33,26/05/1989
900,"Lisa Gabriella",Williams,LG,52,29/05/1970
901,Mxolisi,Smith,M,40,07/08/1982
902,James,Johnson,J,21,18/09/2001
903,Patricia,Mokwena,P,42,04/07/1980
904," Purity Chloë",Brown," PC",14,22/11/2008
905,Esther,Jantjies,E,38,28/08/1984
906,"Sizwe Isaac",Mazibuko,SI,33,30/10/1989
907,Angelica,Govender,A,49,27/09/1973
908,Kimberly,Johnson,K,17,29/04/2005
909,Mxolisi,Zulu,M,6,01/08/2016
910,Esther,Bester,E,9,12/02/2013
911,Patricia,Smith,P,24,20/01/1998
912,"Sizwe Isaac",Williams,SI,38,24/12/1984
913,Nina,Jantjies,N,35,10/05/1987
914,Andre,Dlamini,A,42,15/11/1980
915,Mary,Lewis,M,29,30/08/1993
916,Mary,Scott,M,37,08/09/1985
917,Mary,Coetzee,M,35,06/09/1987
918,Kimberly,Brown,K,1,29/06/2021
919,Ryan,Smith,R,12,19/06/2010
920,Andre,Ngwenya,A,43,06/09/1979
921,Mxolisi,Williams,M,18,19/05/2004
922,Michael,Zulu,M,39,28/03/1983
923,John,Venter,J,14,07/08/2008
924,Mary,Bester,M,0,02/04/2022
925,John,Ngwenya,J,14,02/01/2008
926,Nina,Jacobs,N,30,04/03/1992
927,Andre,Mokwena,A,35,10/02/1987
928,Bianca,Venter,B,35,26/08/1987
929,"Mduduzi Welcome",Zulu,MW,24,11/07/1998
930,"Mduduzi Welcome",Mbatha,MW,13,07/09/2009
931,John,Brown,J,10,06/12/2012
932,Mary,Ngwenya,M,43,17/04/1979
933,Mary,Coetzee,M,31,24/04/1991
934,Ryan,Zulu,R,36,04/01/1986
935,Tim,Dlamini,T,38,18/08/1984
936,Nina,Smith,N,12,14/07/2010
937," Khaya Calvin",Coetzee," KC",39,20/04/1983
938,Angelica,Scott,A,18,03/01/2004
939,Patricia,Johnson,P,3,27/01/2019
940,"Lisa Gabriella",Smith,LG,7,08/01/2015
941,Andre,Lewis,A,45,30/06/1977
942,Jess,Mazibuko,J,10,14/11/2012
943,Tim,Ndlovu,T,11,03/11/2011
944,Bianca,Mbatha,B,18,04/05/2004
945,Mary,Venter,M,31,11/07/1991
946,Angelica,Jantjies,A,18,12/02/2004
947,Ryan,Bester,R,47,08/11/1975
948,Ryan,Zulu,R,38,12/04/1984
949,Esther,Zulu,E,19,08/09/2003
950,"Mduduzi Welcome",Smith,MW,34,19/06/1988
951,John,Mazibuko,J,35,28/06/1987
952,Michael,Ngwenya,M,17,10/06/2005
953,Bianca,Jacobs,B,25,06/10/1997
954,"Sizwe Isaac",Zulu,SI,32,24/04/1990
955,Patricia,Venter,P,41,14/06/1981
956," Purity Chloë",Williams," PC",4,12/02/2018
957," Khaya Calvin",Jantjies," KC",49,06/08/1973
958,Jess,Johnson,J,13,19/08/2009
959,Bianca,Brown,B,27,07/02/1995
960,Patricia,Coetzee,P,46,27/04/1976
961,Bianca,Venter,B,45,18/02/1977
962,"Sizwe Isaac",Scott,SI,8,02/01/2014
963,Mary,Mazibuko,M,8,27/05/2014
964," Khaya Calvin",Davis," KC",36,17/03/1986
965,James,Williams,J,41,28/07/1981
966,Mxolisi,Williams,M,41,09/02/1981
967," Khaya Calvin",Coetzee," KC",45,30/12/1977
968,Mxolisi,Davis,M,43,05/12/1979
969,James,Jacobs,J,10,23/07/2012
970," Purity Chloë",Smith," PC",16,15/08/2006
971,Jess,Coetzee,J,25,26/02/1997
972,John,Scott,J,34,29/12/1988
973,Bianca,Jantjies,B,9,24/12/2013
974,Mxolisi,Ngwenya,M,50,12/05/1972
975,Mary,Jantjies,M,43,13/08/1979
976,Jess,Davis,J,33,03/06/1989
977,Andre,Venter,A,41,05/01/1981
978,Jess,Mazibuko,J,4,22/02/2018
979,Tim,Ndlovu,T,18,21/12/2004
980,Tim,Dlamini,T,44,09/02/1978
981,"Lisa Gabriella",Jacobs,LG,27,02/07/1995
982,Angelica,Johnson,A,14,18/02/2008
983,John,Mazibuko,J,47,26/09/1975
984,James,Williams,J,7,03/08/2015
985,Nina,Smith,N,22,03/01/2000
986,Jess,Mazibuko,J,38,06/08/1984
987,"Sizwe Isaac",Mbatha,SI,45,07/11/1977
988,Jess,Ngwenya,J,28,06/11/1994
989," Purity Chloë",Zulu," PC",49,15/10/1973
990,Ryan,Dlamini,R,20,06/08/2002
991,"Sizwe Isaac",Jantjies,SI,25,03/11/1997
992,Angelica,Venter,A,36,28/09/1986
993,Angelica,Ndlovu,A,2,02/11/2020
994," Purity Chloë",Bester," PC",22,28/09/2000
995,Jess,Mazibuko,J,14,26/11/2008
996,Andre,Brown,A,14,27/03/2008
997,Jess,Brown,J,14,11/06/2008
998,Ryan,Williams,R,11,12/08/2011
999,Tim,Scott,T,45,26/04/1977
1000,"Lisa Gabriella",Davis,LG,8,08/09/2014
